SoundFile;Pitch;SpectralCentroid;SpectralSpread;SpectralSkewness;SpectralKurtosis;SpectralFlatness;SpectralCrest;SpectralSlope;SpectralDecrease;SpectralRollOff;SpectralVariation;SpectralFlux;HarmonicSpectralDeviation;Tristimulus_1;Tristimulus_2;Tristimulus_3;HarmonicOddToEvenRatio;Inharmonicity;HarmonicEnergy;NoiseEnergy;Noisiness;HarmonicToNoiseEnergy;PartialsToNoiseEnergy
Bellou_sil_remov_1;293.772850393117;1532.04618267908;1040.64855369202;1.16854260623693;3.34438277967841;1.20678457205112e-06;0.0994157084145754;2.98229361041451e-07;0.00697464138755698;3913.67410665537;0.668125589261186;0.000356693681281976;0.0025784078400422;0.145543516463656;0.459452281787582;0.274535538679888;1.03316923490156;0.208554015786265;0.002829809179253;0.00941415953862849;0.564098987629619;0.396486928778641;0.772738512086445
Bellou_sil_remov_10;286.235194635746;1800.40300236903;1237.02423411785;0.671358912619597;2.10470096688886;2.90603619539528e-09;0.102314024040267;3.92932219267071e-07;0.00281322500796138;4240.63448911327;0.708238056133035;0.000143624737515402;0.00172000381880474;0.198659088795818;0.387176347302091;0.33070893736379;1.69567077381112;0.221311945285322;0.00178640943579661;0.00507445619638686;0.59241121636149;0.345315630240191;0.688016662825036
Bellou_sil_remov_11;319.622280381908;1911.14784241323;1195.5788134364;0.309499404311637;2.1711229245487;5.81313327008861e-09;0.133664497166118;5.12847108639265e-07;0.00355124196003795;624.899261346693;0.766418984098097;0.000174199963219603;0.00260816950089414;0.248375206588052;0.321919096095582;0.373309155971702;2.67185236402485;0.170031372465274;0.00200671680681416;0.00394541466180878;0.576191524694589;0.472978295023606;0.735534179295182
Bellou_sil_remov_12;333.96596260282;1294.0021722503;821.82044337436;1.16333005695221;4.29881181348511;4.03000634752252e-10;0.178060669845653;7.30099925768011e-07;0.00550991854864327;0;0.750377429476615;0.000409554258234524;0.00305441404750502;0.24426754818585;0.462198671460958;0.253171631010225;2.87209451457489;0.131035181656019;0.00527745961387072;0.0100319671854384;0.579697745440072;0.509894954331613;0.725036897014079
Bellou_sil_remov_13;327.282033403969;928.507980250759;732.365103331866;1.61235538539494;5.49367344254534;9.71905261626606e-12;0.245486236144543;8.57508103962179e-07;0.00187325796632755;2986.91210922832;0.745807668125153;0.000107171485593159;0.00178610250692656;0.375721319810372;0.45538785231032;0.0930064600346997;2.02540630945579;0.124828462822632;0.00225286262958518;0.00453843419340591;0.575511372222929;0.504122101150542;0.737585125620493
Bellou_sil_remov_14;298.735303242666;1433.98942117236;786.562054533191;1.12433770132789;4.21844896768848;1.21763174057136e-08;0.143678923734137;6.27824339032457e-07;0.00613419375557106;0;0.734776661293241;0.000394676194446029;0.00259620691220975;0.144215295048274;0.503172887894883;0.279430167093563;1.29156644657244;0.209943500341025;0.00292596457495493;0.00929608171496759;0.615477305101144;0.342985840480873;0.624755278077501
Bellou_sil_remov_15;325.773212552999;1389.81593126318;931.818913266862;1.2061432514443;3.87521043795008;3.14019192008296e-10;0.175193458304956;5.74528153420157e-07;0.00407936188174405;404.069916413631;0.751362033234029;0.000299329513766469;0.00264296392712075;0.219807757479856;0.51894634423684;0.207348041007479;1.8178670055185;0.151480140139376;0.00382955476072979;0.00957436648390882;0.610922202421297;0.380358720260663;0.636869631246629
Bellou_sil_remov_16;336.872128995935;1400.9841132419;1212.76575583823;0.991596072856327;2.71090298660264;3.89702033847452e-09;0.196829058734127;5.91668812272279e-07;0.00444359347028207;2883.36707320512;0.868230365955393;0.000424692794431089;0.00347016022525156;0.484544969483946;0.186811081612288;0.240938315916419;7.55468530169015;0.131905106751669;0.00669698476725504;0.01282651544379;0.598599821798855;0.453672840969887;0.657002827073566
Bellou_sil_remov_17;331.946590266887;1477.69033920425;1015.80305928299;1.01912072598467;2.93607997173391;3.05498407699597e-10;0.169467879764063;6.27427458554924e-07;0.00261036667977512;0;0.783132274884169;0.000181879733043887;0.00227324881221127;0.311851911790439;0.377207410486252;0.215319914317987;2.54411633891788;0.16547977010802;0.0033072323263058;0.00645408336157639;0.572111459067264;0.451812423531065;0.743289336584764
Bellou_sil_remov_18;261.117847997364;1749.2929114817;1257.80620970959;0.802441329918915;2.55888712256785;3.8336625602428e-05;0.0605813504491345;4.34189360671849e-08;0.00533602543372748;3415.88978618547;0.579700496709437;0.0001326875978898;0.000833629701110034;0.140322173632373;0.319768462385784;0.476806535489881;1.40470979852757;0.3892862881566;0.000689246718917641;0.0031730903303624;0.594829167132765;0.267989706756637;0.681154952135696
Bellou_sil_remov_19;289.728392749927;1551.3290349994;1119.95526374419;1.24281911439887;3.55309485898305;7.41494229395212e-10;0.123603057947121;4.20093220799176e-07;0.0028824432896923;4139.9238369347;0.766105356265149;0.000163101782142516;0.0015748201025016;0.204781627962246;0.475318083744562;0.273922198502205;1.45798833263098;0.153876313867369;0.00211343925542881;0.00483930071997201;0.584077743292829;0.439708001709183;0.712100848702683
Bellou_sil_remov_2;294.792755848602;1907.02397268098;1209.83912014443;0.651785129316961;2.19785477602238;1.61125998469638e-09;0.135214963110375;4.4758904264328e-07;0.00355245277649745;4101.42347390221;0.716287102389772;0.00016533889298666;0.00182463019839127;0.114061124098418;0.448057022802121;0.363007336083449;0.616919198340183;0.157298203723735;0.00135660759684931;0.00375611183832908;0.598556957551129;0.409051462607379;0.670591579117246
Bellou_sil_remov_20;288.392651886445;1005.4123765933;848.543112295292;1.66326057718552;5.95813594946042;1.43786226128312e-10;0.145877893310701;7.38921248679506e-07;0.00285808458639328;10006.5641573612;0.758588345493315;0.000260261759317609;0.00235060837688784;0.334446753565755;0.436840402764901;0.124539599932709;2.02493107192888;0.173222136259468;0.0054309327364666;0.0129454394416263;0.578496995915641;0.434961779989271;0.728617467443944
Bellou_sil_remov_21;294.622575194757;1488.24900108181;1157.20480367298;1.02821331142785;3.2028613989462;5.4361318352104e-09;0.150323376356435;4.70397733163853e-07;0.00439329380252694;0;0.736876342483642;0.000279770902264212;0.00266799046181749;0.193112360417998;0.454120415549383;0.201210785840259;1.26373035244248;0.164675727700529;0.00388548467384589;0.00923820242614993;0.58261719539136;0.450760474772845;0.716393776971582
Bellou_sil_remov_22;346.643121381885;1738.10885539205;1111.11654442077;0.720282621629141;2.27672043122819;5.57706054458596e-11;0.163810467112823;7.7494423965259e-07;0.00260887488390418;4398.39180403203;0.717178730793044;0.000175777892431983;0.00238068397260509;0.217984834529927;0.442249619315169;0.235926843723044;2.28838929544938;0.187618755383039;0.00244069436671616;0.00756437050595534;0.59231619274548;0.419808260489768;0.68829557546112
Bellou_sil_remov_23;324.833645792939;1366.67410284929;1020.01939303082;0.7797948188343;2.6936388228028;9.90382478092404e-10;0.154135225253185;6.09181015405633e-07;0.00296022056008172;2407.70931634389;0.768874784004014;0.000212312495178176;0.00249132665170988;0.27773935660347;0.375740220692166;0.264260552562419;2.03771105697308;0.173162041214381;0.00398881796185644;0.00841804971037406;0.552687191072401;0.49134087062895;0.807340063200395
Bellou_sil_remov_24;285.904713702209;1092.27853134758;551.324310843863;1.17879964547805;5.54287796782161;9.04535283585398e-11;0.158194974836676;1.389668677632e-06;0.00320614824676176;757.380256663868;0.744779058063448;0.000259220104920886;0.00295937273060956;0.154338532550211;0.574100108370179;0.233667920181017;0.822385712594549;0.13769017904125;0.00433676336007535;0.010616051329877;0.58445064033493;0.47316146776365;0.711008476998044
Bellou_sil_remov_25;278.329086951052;1241.39534004303;921.068971923472;1.22116778513633;4.00192659057768;9.0271898018511e-07;0.130642307761278;1.84903396210043e-07;0.00598391605819352;2426.33384709087;0.730827700807532;0.000378496564734997;0.00257556301046521;0.25390397862517;0.412507068488262;0.222505447789641;2.08016794117087;0.198829272548956;0.00435409125800049;0.0120632332969336;0.559845651943793;0.44970454299207;0.786206719364246
Bellou_sil_remov_26;289.728392749927;1298.24224088285;908.233041122506;0.936635137836118;3.23435412348329;4.46992218314412e-09;0.157610731985807;5.42337222723784e-07;0.00424838483761689;1759.04319698055;0.787684985517495;0.000300584913752963;0.00249724737330541;0.299025814572263;0.39561345678072;0.219139910893181;1.79179985817072;0.172616685980911;0.0037034996270682;0.00857966751084491;0.616589477759209;0.36868718648305;0.619856527978173
Bellou_sil_remov_27;241.669372329849;1256.30959066843;911.015891869888;1.0932491802812;3.63852349548405;2.9551536503925e-08;0.112578961577534;1.97805460909406e-07;0.00379571575155237;1162.61084558323;0.667201857307845;0.000152997094859815;0.00134612126632854;0.264562623657304;0.413706904976558;0.270198358732186;1.82739174995581;0.225852027047067;0.00123317660174131;0.00491240369413564;0.574613893890654;0.368443441604313;0.740300150870367
Bellou_sil_remov_3;314.676128499977;1399.43085424494;844.318748997656;1.14805929882956;4.18259535279921;2.69242930645391e-09;0.149335384189752;6.519293457686e-07;0.00506554702672057;874.359520545592;0.687760209155173;0.000391013459168509;0.0031890042062201;0.151760938620152;0.531761104553553;0.265973242075095;0.953810208529507;0.196557241403144;0.00416459268424112;0.0148317703580186;0.603951472716933;0.378635193212864;0.655762168277204
Bellou_sil_remov_4;315.951052666472;1277.26718232309;926.898185011954;1.2488563737218;3.77260239862818;4.67593219015654e-09;0.16415235429707;4.65681789227109e-07;0.0055204722634007;1252.80045124384;0.747239088665963;0.000466857271185536;0.00303341145315541;0.233416736089242;0.556957119070448;0.147326701383924;2.08131691208831;0.156637601839806;0.00608775214517193;0.0186337564491733;0.59950337083802;0.42354237008276;0.668047349243189
Bellou_sil_remov_5;255.301333357383;1296.74477845716;812.986386437202;0.921795917817411;3.45501332180564;7.22641276113143e-09;0.147441433182625;6.49895550287598e-07;0.00484025144019545;3366.0902025737;0.709919123976472;0.000320293080470919;0.00277298945678501;0.14515847524945;0.490611712952931;0.313844991516881;0.823169401868509;0.196139213205203;0.00349221354706947;0.0107761505107248;0.579566395566359;0.416332522621875;0.724852880943941
Bellou_sil_remov_6;311.601261158779;1951.38576488354;1423.62529519931;0.749843705108112;2.84028748195182;3.1575566415013e-07;0.121325883041352;1.57750191732144e-07;0.0048015827921916;3586.92608169007;0.79100695835016;0.000232542500955291;0.00150612835360293;0.260260800068424;0.341643978172154;0.330358678141222;3.03414834956533;0.177649967292675;0.00232993417050972;0.00603135843528553;0.60254866716462;0.42144900969805;0.659616981157132
Bellou_sil_remov_7;228.23822348705;1633.88213558667;1309.61062221346;1.03765850610602;3.04523466492442;2.67451726044386e-08;0.139936184615753;2.9567563232578e-07;0.00388751163082444;610.372309093871;0.802561411037937;0.000294307413343267;0.00211640259823355;0.218009916850335;0.409316459444245;0.327843584792293;1.8643667893343;0.192758983451042;0.00394108984747724;0.011653489124677;0.588757536157147;0.420181331655558;0.698492090667003
Bellou_sil_remov_8;262.78223344282;1129.12256679416;918.433406132262;1.29396836666029;4.37803891272107;6.40771073756571e-08;0.16427610488086;3.16435795671063e-07;0.00569265879261989;0;0.773245082551342;0.000386350473154075;0.00236005856849027;0.254825991490111;0.482714551099252;0.188732627155153;3.83696513837325;0.188935133911347;0.00400441555118259;0.0107056072924969;0.587342450623817;0.431923895981478;0.702584240144568
Bellou_sil_remov_9;312.322045306064;1213.96331986273;729.980673493216;1.09219238304739;3.88624245700861;2.9806794688618e-07;0.17454258574163;4.69132357999813e-07;0.00918193070080741;2169.47021484375;0.797292707780326;0.000642222322080325;0.00391509340199594;0.213707624440946;0.58436757320596;0.187241342175765;3.77422679625597;0.142704723600959;0.00620083956892845;0.0138859243941037;0.565079892103913;0.529189683879486;0.769661270863463
Kazantzidis_sil_remov_1;212.707033507235;1515.73897519713;1112.95950798515;1.23842438341616;4.30375729908748;1.51707491233654e-10;0.128834470347915;3.34583256304621e-07;0.00176282067041416;3565.82659290493;0.704483312455816;7.14394974477487e-05;0.000970371165758017;0.125277774934547;0.461299212839801;0.366689985154243;0.717328074563419;0.271894763953036;0.000893395968838165;0.00277347816498664;0.601662345882965;0.378760082817764;0.662061797356552
Kazantzidis_sil_remov_10;194.996892434851;1157.96020239536;846.879514950115;1.09840703120547;3.37942030629755;1.51454515283429e-10;0.165368887517435;7.72635945279048e-07;0.00306415420057313;2482.69508070582;0.708238556413791;0.000212347202713395;0.00232160899148676;0.145038430936132;0.548674689262907;0.277613953720733;0.732558330003885;0.217267235914417;0.00309480019110734;0.00753794346175629;0.579340036385638;0.436145515618519;0.72577278999528
Kazantzidis_sil_remov_11;211.237758702709;1253.71616874006;949.024729478429;1.62004415372832;5.9073208526162;4.83723695377473e-11;0.14345702693514;5.2107490564277e-07;0.00155849105159002;2536.66122309125;0.713551578996663;0.00010395962824356;0.00144663130800723;0.110097966440412;0.473914122544429;0.361463451079457;1.19104593444934;0.248342297754048;0.00208945306456584;0.0063263566353175;0.586991703667434;0.403071899290114;0.703374723676461
Kazantzidis_sil_remov_12;214.558006664919;1491.57051425537;963.524876023328;0.776446988625038;2.8279632537147;3.18057237033325e-09;0.107674188929254;4.20770623698622e-07;0.00310105193142572;719.096187396474;0.657628481766421;0.000125648286341815;0.00142219533600122;0.0861067615245761;0.42282363814682;0.461500169872773;0.879163624334374;0.284667773800389;0.00116079874266882;0.00360041617684012;0.583389987599938;0.349177425493533;0.714119236283077
Kazantzidis_sil_remov_13;190.598188276646;1505.28105545397;1035.0587215301;1.00785676957615;3.46582374338163;1.16956436329556e-10;0.119474588016607;5.4649251665389e-07;0.00186948825982124;0;0.685775564709844;0.000103220027631962;0.00149897621451854;0.149968413240703;0.42215710285814;0.401271093836107;1.01848423554404;0.26306141713085;0.00190634031086487;0.00488183061522347;0.590280528689691;0.390553068595929;0.694109751883238
Kazantzidis_sil_remov_14;215.365097982387;1180.31282731116;789.730375379723;1.31846485959935;4.15863559607891;9.78570019014741e-11;0.16262724053161;9.37398963697189e-07;0.00282941566408976;1506.83882183697;0.741658422045396;0.000229669748666392;0.00248771521817242;0.121861399637041;0.516702385217807;0.315728545357154;0.720184072804667;0.266317421593446;0.00297867614554712;0.0122289144046899;0.606398872700927;0.359201798414862;0.648997510377348
Kazantzidis_sil_remov_15;211.237758702709;1676.38078101165;1069.3640629087;0.518048995088106;2.83765639110043;1.4318868851656e-09;0.0935528051790664;4.12322197335055e-07;0.00226656416019369;3471.20737567526;0.636745662436125;9.23990090011431e-05;0.00118875241141849;0.150224854359237;0.350584538233837;0.475636066400079;1.22904361154337;0.301919726808473;0.00103140841840733;0.00304049882516707;0.584624772929939;0.348736668545979;0.71049884718589
Kazantzidis_sil_remov_16;226.268288620378;1596.26453521096;1116.80739426822;1.15758736889745;4.5200502269658;2.73814798998502e-10;0.102974915745777;4.54982965336529e-07;0.00175355133543496;5358.5418041001;0.690438862832504;0.000107548650105207;0.00151204042980837;0.143490628807647;0.397713553187193;0.427101997065583;1.08463921117486;0.252745984063104;0.002191954418971;0.00658467233597458;0.575570914725223;0.420439025141387;0.737405373371584
Kazantzidis_sil_remov_17;233.167665876865;1721.20291427279;1109.16840197521;0.741563549541338;3.34413922849627;3.58039429864597e-10;0.10620713366077;5.65577049555423e-07;0.00195710285726559;3307.80492427542;0.70603882016131;0.000130272318586038;0.00198251481560037;0.127541538813448;0.403477576217859;0.455702080095785;0.589322765831929;0.240496202981171;0.00292084602474892;0.00664243879287393;0.573110197272064;0.402777162473572;0.744865131976155
Kazantzidis_sil_remov_18;217.804597276119;1460.12908110796;941.465371560861;1.03420236192604;3.64280010138765;1.18801062499434e-10;0.111474012568049;6.65370740972593e-07;0.001817356958185;3474.34213188098;0.659830482371196;0.000114551662274511;0.00204681958102199;0.0833202657928762;0.426122490475491;0.478753847023083;0.778481177615426;0.296415776703189;0.00203559921357243;0.00760492132566336;0.602917704094743;0.302084850903148;0.658601154367261
Kazantzidis_sil_remov_19;197.718947613914;1588.22968816406;963.515862463825;0.78132141317015;3.08600649797896;1.88749236650983e-10;0.0947878388416777;5.41276281672822e-07;0.00176958406043029;3188.38886605726;0.651761588879923;8.36692637400641e-05;0.00130101828574779;0.128608278632719;0.346042237715321;0.472019500836457;0.93968662625842;0.337533393071463;0.00100756696643951;0.00417541096240249;0.60916991452905;0.284411781244782;0.641315213309439
Kazantzidis_sil_remov_2;215.676313042676;1373.251627095;898.365655976828;1.033687328054;3.43604161440027;2.51191769372851e-10;0.126085548840242;6.85722924264737e-07;0.0022941988064736;2571.97332925896;0.691653466008334;0.000143929187905085;0.00186234122011426;0.131269414364211;0.437471893974494;0.391762069793259;0.795225726916284;0.29785778818861;0.00167529419583235;0.00717154116006925;0.606537659471055;0.297775257675201;0.6474151319926
Kazantzidis_sil_remov_20;217.301942714003;1321.15336337143;900.429101036356;1.30672215522249;4.02324400044488;5.54597961919271e-11;0.133206193795088;7.29427890676882e-07;0.00188710371843208;3472.38880264856;0.655268784106548;0.000136609124191469;0.00236071077551032;0.0831195386059142;0.566945434327829;0.331399687211719;1.04563481168747;0.245470107285303;0.00309603217845863;0.00829651320733116;0.593138620925522;0.363900988734047;0.685946530407378
Kazantzidis_sil_remov_21;204.868911215753;1373.44894702258;921.340203436595;1.18417088587567;3.70935842652399;4.127303672845e-10;0.105699890553244;7.56292552661973e-07;0.00244777877357298;3504.83862472815;0.660788115074275;0.000163838282926349;0.00212218244916071;0.0771131037612135;0.452376774372454;0.42414684362165;0.942118556997536;0.345986954566486;0.00219492149994826;0.0100670506200071;0.622284217777495;0.243620672750586;0.606982744270017
Kazantzidis_sil_remov_3;198.577349448003;1232.55326377668;927.598540379275;1.17291328659364;3.41992653020658;1.3681342805208e-10;0.139808027745967;6.4184700603475e-07;0.00200910861193222;954.642752580086;0.666112585680017;0.000115361277620973;0.00167955548693019;0.15233522963147;0.508499322010481;0.284230156403733;0.903594121458357;0.247691532009901;0.00198622921754614;0.00576368738764048;0.567980635727799;0.422353002140886;0.76062340350498
Kazantzidis_sil_remov_4;210.62856027289;1418.40281973489;967.05796157529;1.04946963214319;3.313762991432;1.56805322999397e-10;0.114440683292211;5.81424026757501e-07;0.00187922652836393;2737.59302812338;0.689335863302194;0.0001084395300275;0.00166848076576444;0.146325782633372;0.458335733446997;0.371934029509323;1.01326386916316;0.285573271444722;0.00169082548912725;0.00524567282188004;0.586346589527449;0.357358919721343;0.705475938396647
Kazantzidis_sil_remov_5;194.546874029333;1149.13382531711;859.914607751113;1.14232554132143;3.57537261969725;4.51306173698302e-11;0.156800493180409;7.26178840906012e-07;0.0019116778295233;6166.3242702676;0.716774280302441;0.000135980825860378;0.00179776624683481;0.154992049785607;0.474524252475707;0.27949047383517;1.10862002211426;0.241064923406903;0.00281224000433804;0.0080584286701219;0.596542527891312;0.36898583442928;0.675913707897103
Kazantzidis_sil_remov_6;212.032360421939;1544.09814647271;1103.8677761377;0.977195164455353;3.38285391678747;1.34382989335582e-10;0.136747628183236;4.61461602538257e-07;0.00195324609139318;3677.61735584394;0.692383872671677;0.000102501912641254;0.00146343942210719;0.0745516372458582;0.481570110365771;0.404483021030736;0.808715784537111;0.270520275379999;0.00140664093040068;0.0047780585895244;0.595252615200282;0.341782448303988;0.679373390809082
Kazantzidis_sil_remov_7;228.171373125413;1700.30522526132;1144.90724057559;0.918479745170245;3.51244346134334;3.67828100473751e-10;0.118169571835033;3.03570629362397e-07;0.00215502373461043;0;0.687024306844879;9.11366746198777e-05;0.00123849084682228;0.0930029125047379;0.415626114975245;0.457370820944963;0.727222114757303;0.284431713933031;0.000910340451675721;0.0033074583160079;0.594376367181043;0.341728632464361;0.682435880215991
Kazantzidis_sil_remov_8;242.928946415797;1541.2044549765;1049.07618760076;0.727105397908196;2.72319949227205;1.17986805338852e-09;0.119266345392572;3.32192182851377e-07;0.00265118362215026;3249.40920526101;0.7181091186766;8.84616668589218e-05;0.00107366908946916;0.1258052665508;0.441861373720433;0.410058461632385;0.928749656514021;0.198101429299131;0.000826595113889748;0.00187337595614262;0.559635079498598;0.468412729130986;0.786878694051747
Kazantzidis_sil_remov_9;210.02111873885;1557.40639010442;1094.54160181983;1.011013325982;3.53674581195739;2.0176735094394e-10;0.123835805256356;4.13474408596946e-07;0.00190910359926371;2432.87910104455;0.72701747183965;9.63543919513543e-05;0.00125345693385706;0.175954872212359;0.373397887223275;0.413714403379269;1.3125330106824;0.241338148771614;0.0014408299446903;0.00392315750283814;0.579711487489263;0.415672798748017;0.724996005049015
Kazantzidis_old_sil_remov1;223,669376;1022,77891;873,081064;1,66311741;5,43359945;2,38E-12;0,31858105;1,95E-06;0,00240127;1956,55364;0,69539808;0,00028346;0,00464536;0,18842128;0,55313723;0,20114322;0,87479136;0,12656646;0,01394966;0,01392483;0,44898143;1,10029905;1,22724654
Kazantzidis_old_sil_remov10;165,542434;952,467544;760,945758;1,23392397;4,11230623;6,22E-12;0,23829925;1,80E-06;0,00240698;630,847991;0,65525663;0,00023096;0,00190068;0,18053523;0,31998625;0,28301334;1,43835718;0,23572307;0,00199401;0,01334367;0,4987259;0,34495945;1,00510943
Kazantzidis_old_sil_remov11;223,669376;1056,51883;891,98292;1,38867237;4,24165284;8,34E-12;0,26595135;1,53E-06;0,00263593;2383,16838;0,82152916;0,00032246;0,00273818;0,26721882;0,4228117;0,19686911;1,28853712;0,18331725;0,00525322;0,01365259;0,50185558;0,6165197;0,99260515
Kazantzidis_old_sil_remov2;229,559437;979,128733;896,158213;1,50571404;4,45150467;3,35E-12;0,31513454;1,72E-06;0,00249458;2154,9305;0,79005666;0,00034829;0,00290391;0,29642389;0,33973561;0,17279832;2,61790876;0,16046058;0,01042852;0,01677628;0,50217517;0,66495091;0,99133701
Kazantzidis_old_sil_remov3;173,57202;958,654727;831,259558;1,43895378;4,32339114;3,90E-12;0,26470619;1,94E-06;0,00248205;1943,99361;0,71444425;0,00035307;0,00379636;0,17859844;0,4979142;0,24433575;0,90683347;0,1768128;0,01136803;0,01921538;0,46731624;0,76771991;1,13881968
Kazantzidis_old_sil_remov4;192,924238;961,390387;845,240181;1,6680553;5,15864889;3,39E-12;0,28731388;1,78E-06;0,00256365;577,48752;0,73330371;0,00035691;0,00373433;0,21505441;0,52045771;0,18956144;1,54279937;0,15259263;0,01340838;0,01894617;0,47023504;0,85739509;1,12659608
Kazantzidis_old_sil_remov5;207,488936;1027,17627;948,747576;1,28867827;3,68882335;4,44E-12;0,30257263;1,63E-06;0,00260274;15721,2414;0,80627997;0,0003854;0,00320494;0,29244452;0,38676842;0,19463429;1,84793077;0,14861097;0,01395333;0,01711542;0,47348411;0,84493817;1,11200329
Kazantzidis_old_sil_remov6;215,800929;1147,69918;893,492026;1,56976413;4,99704567;3,69E-12;0,2378707;2,07E-06;0,00289732;4712,88235;0,63307505;0,00039722;0,0048558;0,16723438;0,44467679;0,38142728;1,36202203;0,13300723;0,01927029;0,01858492;0,44870673;1,07759336;1,22862715
Kazantzidis_old_sil_remov7;196,409912;1296,22771;997,966244;1,15931297;3,59720134;3,11E-11;0,19834354;1,40E-06;0,00352747;575,947062;0,70749016;0,00044074;0,00354501;0,15866012;0,44887562;0,35450929;1,17906178;0,17303295;0,01019777;0,01534372;0,48165778;0,75708958;1,07616287
Kazantzidis_old_sil_remov8;185,386271;860,836171;713,164587;1,78952525;6,05103785;2,75E-12;0,28044473;2,46E-06;0,00279028;1189,85452;0,67256247;0,00033726;0,00403981;0,15250015;0,52453018;0,24729351;2,06781966;0,15251392;0,0118444;0,01668074;0,47201524;0,8016646;1,11715555
Kazantzidis_old_sil_remov9;184,212089;961,805468;833,350486;1,5298956;4,7275529;9,27E-09;0,20180914;6,83E-07;0,00852733;0;0,71510767;0,00076598;0,00198474;0,23066173;0,37993467;0,25325954;1,91274268;0,25277097;0,00244354;0,01585097;0,53151699;0,31609794;0,8814074
Ninou_sil_remov_11;298.39038995546;989.710010957076;745.212688760311;1.56190894967863;5.38865339935359;2.62977854457379e-11;0.201464053414613;1.00615152915289e-06;0.00245919766310529;0;0.811495011745351;0.000244147426063685;0.00246429050725124;0.475440510972651;0.345694597509089;0.113537755730307;5.93968427356334;0.158536633145228;0.0053837084620762;0.0123825050077232;0.586474534228124;0.465573967316856;0.705103873463369
Ninou_sil_remov_12;292.756473542449;1324.69116793124;1037.96858701029;0.985060243355023;2.81934675490219;1.83177280092202e-11;0.185257706077806;8.05593868745089e-07;0.00156351309817886;2689.09075407524;0.752177143556875;0.000117566156341604;0.00247055733426128;0.337593867695725;0.468880146806651;0.17313603618372;2.05307934377198;0.145325414608416;0.00327297244617021;0.006122853723416;0.572624874808583;0.503104193685552;0.745987013427215
Ninou_sil_remov_2;369.276463619703;1715.55882545012;1161.77767912933;0.620019634505526;2.28020839583779;1.83148565598578e-10;0.137854534686903;6.67921672535282e-07;0.0020986292719802;3547.24992645631;0.785578354076879;0.000162479328216538;0.00227245731120184;0.348232919496346;0.350822910704887;0.218273042797293;3.2309416281775;0.168669436641762;0.00340610592824156;0.00909501840511451;0.601672008078954;0.372713409081091;0.662035183958504
Ninou_sil_remov_3;324.271239407343;1672.84684660837;978.703158024147;0.762323340249993;3.34120989792098;1.3131743829738e-08;0.126983825414664;5.848528646063e-07;0.00506570692284608;637.20583220149;0.692623928782759;0.000280879932921331;0.00198101430411872;0.353853518558355;0.314222079815089;0.260605181571468;3.71129095251865;0.241164455344673;0.00209107134098971;0.00823565856217782;0.629031394132293;0.297995676299054;0.58974577314926
Ninou_sil_remov_4;325.585038587441;936.345040094315;844.253723467107;1.84910905759908;5.58727487573207;8.19748311047837e-12;0.262210425152259;8.13097595133222e-07;0.00203947402221574;2214.45428932001;0.803106739814403;0.000160295622349946;0.00243072788136409;0.426524937853624;0.47519844519761;0.0718873895684569;2.46813592707763;0.102791373835412;0.00431098348031362;0.00821395258731195;0.564531548164882;0.585313220760178;0.771380188141286
Ninou_sil_remov_5;429.116013329837;1303.41632331885;896.873993967049;1.37581970932182;4.07175036496301;2.33393996499088e-11;0.188081298105089;1.11002495706394e-06;0.00263101253454619;3887.39409015142;0.835790029559371;0.000274447022121882;0.00364718575764743;0.312975425697253;0.531515534164821;0.101757594925118;1.25278717304879;0.0981049044449982;0.0066063553054703;0.0141223393857308;0.57799041663744;0.510169967206874;0.730134134387213
Ninou_sil_remov_6;340.983297390954;1495.88462162639;1088.69091886524;0.860507833207393;2.39930575602959;1.14557947952229e-06;0.140857805191633;2.22999628448281e-07;0.00651099179587605;3188.30979028416;0.748799438040932;0.000375271658623606;0.00245620586355794;0.299598121164999;0.431143480963927;0.1862785545831;2.69112167210078;0.172577046152057;0.00393467467613413;0.0105139248755845;0.59097547631966;0.432279645232952;0.69211759213355
Ninou_sil_remov_7;322.962741663371;752.67720113649;566.471594928166;1.46447915648108;4.70082411958528;3.61017846595291e-12;0.235247360234156;2.18800466826589e-06;0.00137122943153986;8.72596910767463;0.729976256398789;0.000193571516948815;0.00588673610832837;0.348069312614758;0.480396437868655;0.0554014716732759;2.69545625790144;0.119425714422998;0.0147657104696493;0.0321991339242137;0.58373808902891;0.482687417754526;0.711604445593445
Ninou_sil_remov_8;318.610668249764;1009.67125694812;881.332318408588;1.69964675878915;5.25658236146556;4.03859943766892e-10;0.226277387004625;7.35506490635544e-07;0.00619907170575392;700.518989507068;0.769197816028244;0.000561113537361158;0.00287884460993153;0.355193869103746;0.504104875909297;0.0762398166470074;1.76052468880587;0.122116347795177;0.00670910371459015;0.0125203493880843;0.572331491391062;0.527546036250391;0.747243163146372
Ninou_sil_remov_9;323.149346146512;1498.07530959472;1107.60782254657;0.665947709920243;2.23682198343363;9.38132141127236e-10;0.146826241926753;5.46267757966412e-07;0.00309738071695176;2824.90954921674;0.787549183035371;0.000193392885291764;0.00166823423257819;0.406561077093843;0.30626054569335;0.258729767604109;3.48170103269514;0.200608929911972;0.00253710735735098;0.00573206728260285;0.602647680787581;0.392222105548239;0.659344434282885
Tsaousakis_sil_remov_1;179.485554821362;1209.68641730796;801.705642440535;1.09802212039058;3.74654094260226;4.1584668084733e-10;0.125007702665795;1.08709306084304e-06;0.00286170365044818;2819.10886358734;0.690705272100511;0.000287031695731558;0.00307129733625272;0.0831557134957912;0.399334111387396;0.436197248085385;0.886629217046088;0.274405130027937;0.00613860078243914;0.0167843423113896;0.57216847050043;0.371687080335826;0.747736989291597
Tsaousakis_sil_remov_10;188.953914376609;831.178068320267;653.821197565154;1.61590611124937;5.46761945812387;7.62287427580734e-10;0.175398169363404;7.49524055158095e-07;0.00471192469069264;269.669409932724;0.714374876033454;0.000417335097268685;0.00299821574513408;0.180009607292295;0.575937680259435;0.224251881752638;0.601677095363764;0.224700178652873;0.00516827783791527;0.0144431271805463;0.559828246345697;0.450429189942011;0.786262137588705
Tsaousakis_sil_remov_11;221.483783569037;1530.70293851902;1088.0212218018;0.555847071900508;2.45500038586616;5.22543611584172e-10;0.155210835532288;5.9976056444353e-07;0.00324532912418947;5158.74292174636;0.738027608686276;0.000187154119309705;0.00205285723874996;0.201728595160307;0.41396555640273;0.363485551195163;0.974816328895338;0.214111780155014;0.00227478298026998;0.00489472958064448;0.570254155163454;0.478544776426936;0.753604056972397
Tsaousakis_sil_remov_12;228.83131042004;1494.62100759003;1063.42217881576;0.732520506453047;2.73396057032745;4.02787570051131e-09;0.124865626317516;3.7198634548687e-07;0.00341422255466993;2937.42519228608;0.763507932962027;0.000152039673153812;0.00114467770598913;0.256774983958322;0.321136270539171;0.358651082544085;1.80140219499691;0.23780073251479;0.00121374752208064;0.00325841762797225;0.568625608052813;0.427352413352844;0.758626671831131
Tsaousakis_sil_remov_13;195.900054550022;1219.47128222545;813.194212484455;1.35090150126262;5.12839739472607;6.51824323671817e-11;0.13119892184524;8.2897412921755e-07;0.00216354040483914;334.235807388849;0.699526278314391;0.000166655039430898;0.00226978985076156;0.0983812431063782;0.395897297471223;0.482433639873444;1.1359466956556;0.184367967928358;0.00434704718649149;0.00718940409122519;0.568353126978273;0.511773659640772;0.759469570199585
Tsaousakis_sil_remov_14;183.574763222879;1222.74729794105;1031.10459873245;0.983373253619454;3.18248972004928;4.55341952044017e-11;0.165014156378142;6.10180335622106e-07;0.00199753986273921;3157.82547625806;0.732154455619929;0.000121552010424771;0.00159337814943985;0.163244672510544;0.498000754379544;0.328763425119787;0.970686904837429;0.232669224369718;0.00199266070474118;0.00467261835847085;0.577610754750389;0.449787559150964;0.7312697033007
Tsaousakis_sil_remov_15;200.537035689122;947.388036989411;827.250561317468;1.69457956381;5.14813646743391;2.206806298872e-10;0.152264407641959;8.68557990710303e-07;0.00292469889219131;237.501781545436;0.747538855781627;0.000321142958501575;0.00327494076228877;0.16518970483941;0.551009937934927;0.223530355784635;1.49619104574281;0.202214601705594;0.00751447233670732;0.0185772075628198;0.545197773837708;0.582082831612983;0.83419729261352
Tsaousakis_sil_remov_16;243.490880385006;1610.18390701707;1142.56437582599;1.06774660745055;3.51048909561574;3.91025414168168e-11;0.187226062321952;7.06257537156659e-07;0.00283566102911378;2464.60505115631;0.744633483030126;0.000212861148213663;0.00229766614273077;0.120105720023894;0.497858551991786;0.380550760899509;0.765507083983008;0.128272214438861;0.00375100470237299;0.00875403220705917;0.552959449986794;0.664265932286786;0.808450872887482
Tsaousakis_sil_remov_17;216.175207260267;1450.73156646635;960.765059805947;1.03347614261938;3.45436052576446;1.04640920067457e-10;0.152525925684179;6.4459188759395e-07;0.00222030273624063;2126.60968455245;0.712420499778557;0.000137754620676878;0.0019097040818144;0.104283762729606;0.459697376390098;0.431659257231599;0.691999019316393;0.186573458252638;0.00224469546569836;0.0068232282545912;0.574776514452293;0.459282755183117;0.739806646332626
Tsaousakis_sil_remov_18;159.903450715059;940.568610490726;653.011501946466;1.14876398111419;3.92926574488049;6.91808071467737e-11;0.197702458791497;1.2667332294237e-06;0.00325755699282359;3025.33153389712;0.666265650789482;0.000293684899572785;0.00317238783716937;0.0943940397143882;0.529772658612576;0.327667126146428;0.81532073649308;0.208814043302953;0.00531749245346861;0.0126745617383735;0.557827835375099;0.488839829545707;0.792667802831265
Tsaousakis_sil_remov_19;163.924830810528;1212.92959039201;877.785403485801;0.868465607375935;2.71794486689967;1.32951034697122e-10;0.151610633406872;7.6672629811346e-07;0.00261249030124233;2428.9306209156;0.724523704822603;0.000170855178343704;0.00210317913549615;0.115364362634732;0.47989899430842;0.384608078378739;0.803556229237443;0.272457357319943;0.00220563507387011;0.0062947436408651;0.594164539401;0.315815128917869;0.683035478704499
Tsaousakis_sil_remov_2;198.119067979745;1253.07701598467;971.829527314689;1.30802686173626;4.28649940991812;6.69282200202722e-11;0.115987653098655;8.07966389964367e-07;0.00140598497305886;601.462539212286;0.707770037225274;0.000141301448245714;0.00275831711722275;0.0883604753250253;0.424449569512414;0.421106829145576;1.08990395907626;0.228570486347787;0.00513462844717901;0.0152842645504455;0.564973176270637;0.437991817210307;0.769882897196646
Tsaousakis_sil_remov_20;222.124378429515;1251.41129806806;895.239802082079;1.1289591031157;3.46653447827431;1.03405790616368e-10;0.165644504662728;4.75875217723513e-07;0.00221502543070385;2283.79203506752;0.770570673446057;9.00360900236211e-05;0.00144768211379958;0.212225472621131;0.416787350368826;0.327647016273171;1.07440674895874;0.182442773518134;0.00101425357401166;0.00219505491427525;0.590655301166684;0.436657651821136;0.693034834403017
Tsaousakis_sil_remov_21;204.987282322873;1219.57750350715;1014.64673709757;1.03862332129046;3.08904583788141;4.54305061859162e-10;0.158707217099937;7.54585321880571e-07;0.00251696246383244;3263.25563838224;0.794682024044641;0.000261859886773855;0.00269434656043505;0.15687921514243;0.47100300743327;0.322477404513248;0.687355476578533;0.184460949781967;0.00631044321994608;0.0150904005813709;0.583820513688853;0.398262406327287;0.712855195309134
Tsaousakis_sil_remov_22;180.942888307878;1134.94502604835;848.430284985693;1.14352652949046;3.66289789670871;1.03843193536798e-10;0.166231697490813;8.10057075348242e-07;0.00280433723133483;2389.26052165645;0.734108104178826;0.00022918707616157;0.00248420190651385;0.138154802068384;0.505516247895724;0.339639550521908;0.624424333348144;0.172814297718329;0.00382666047314594;0.0101156987770262;0.558219076589076;0.526632254034355;0.791411368651833
Tsaousakis_sil_remov_23;181.152042518281;1602.63450165155;1088.68378328039;0.882136265999547;3.08466216509647;1.14017953998813e-09;0.103862156046495;5.3223393617354e-07;0.00246706208020937;3009.38491108381;0.635727441416351;0.000123968635810194;0.00176633983388107;0.0603665404245448;0.371880058728443;0.531749671154263;0.778680851704216;0.244363527513475;0.00204628582487624;0.00335011798285147;0.554053372913467;0.426435920024262;0.80488026765642
Tsaousakis_sil_remov_24;212.707033507235;1620.50219018314;992.641891335644;0.701519263001651;2.80399130767403;9.72828714759276e-09;0.0995697282832988;5.40193989330371e-07;0.00324369777300228;3181.80175464293;0.659982656999656;0.000200713690491469;0.00207088922269599;0.0927347398201322;0.347809255922708;0.523900467733152;0.935608522357235;0.273416737729143;0.00267282009170575;0.00821132407920617;0.578629455897843;0.369016009022595;0.728221731208496
Tsaousakis_sil_remov_25;214.310282654492;1356.10114450415;1074.53815240621;1.12150369157843;3.56077995068929;3.57815799871824e-11;0.179730823198323;6.06579979397455e-07;0.00175895223828024;2619.00541155765;0.744206358667388;0.000122789268209355;0.00184366145651697;0.16672395583848;0.476337668445842;0.315090898765792;0.607030035075427;0.172956677768422;0.00290761277191718;0.00532716734731971;0.540510129389257;0.544414306231819;0.850104088021327
Tsaousakis_sil_remov_26;247.747026003948;1828.87271904574;1187.05366719479;0.560242336396646;2.50497612099193;3.10917005407991e-08;0.112160393798976;3.52201857661972e-07;0.0041979149369325;4643.57683111686;0.739591073202628;0.000253228745142888;0.00203171289788401;0.160818649963414;0.357444294503;0.401048094661197;1.24334055536973;0.23356760495563;0.00234512429534929;0.00766208651874472;0.585828062415562;0.410508475275041;0.70698548628188
Tsaousakis_sil_remov_27;220.017426846266;1602.22834216707;1155.60094451677;0.986411743681582;3.37173669197882;1.53281519998514e-09;0.123020886859866;4.01999081105006e-07;0.00315134917795433;8404.11656420044;0.713886122782831;0.000174621611971349;0.00175298001788585;0.15180016059941;0.379786140521645;0.440688767003235;0.875041226889257;0.21054947425875;0.00194381712053404;0.00516591000630818;0.575525670143185;0.44348722800613;0.737542005840644
Tsaousakis_sil_remov_28;190.048513267133;1521.50846425073;1103.79880683111;0.817302327375838;2.77221031056507;4.50268705879534e-09;0.109291358200242;4.0072833461108e-07;0.00290439846843459;2102.8034813493;0.738335876100119;0.000150267476952135;0.00126382704583353;0.122598646529974;0.413457905427082;0.416031678194999;0.90397357116316;0.309291700774472;0.00117445895912155;0.00592427968084392;0.616538778223022;0.293213557639076;0.621957994081384
Tsaousakis_sil_remov_29;187.540355501398;1312.80715228806;1001.63665439175;1.11941464864904;3.47387426220263;4.62156403984442e-10;0.142144369078753;8.43304307187719e-07;0.00253928248047825;3091.44447756196;0.768789500810858;0.000287187115010176;0.00295661160807403;0.10675920471354;0.423067102230401;0.427886363613737;1.10520621857387;0.195105858892396;0.00757391150682262;0.0200341306210156;0.563161049262558;0.483615214950549;0.775690988056559
Tsaousakis_sil_remov_3;162.698540941727;1451.81592636595;1089.15031043919;1.02262743149064;3.43181856597159;1.2679083878874e-09;0.100668924119752;6.46673062654569e-07;0.00232540292550234;862.845527637852;0.695658393914243;0.000265694246649402;0.0028004908091587;0.0917392981032332;0.312514245319116;0.56522988547413;0.72235497321864;0.261170493798853;0.00833157991679287;0.0194836188067942;0.556714673284188;0.45273094984767;0.796252280852348
Tsaousakis_sil_remov_30;169.656628730356;995.422186198204;751.114112405834;1.39457206975203;4.76698861933736;1.1809989140464e-10;0.132096370130213;6.84071484776382e-07;0.00229548438016102;2702.94457467564;0.701373165435808;0.000145286050675198;0.00163415259305938;0.149047296213379;0.489984909245637;0.336964285536503;0.60920567954826;0.259178243507481;0.00226792102533459;0.00539466334106173;0.591243377876921;0.34467605574555;0.691351054807456
Tsaousakis_sil_remov_31;170.935733740776;1150.29210983452;874.196702773477;1.23157576558341;4.64508305475214;6.87521832720681e-11;0.156607997732788;6.32139558742364e-07;0.00213261811512732;1736.49509986094;0.748370567077741;0.000144889907814845;0.00170088348726927;0.16232667724677;0.417962952180773;0.327317313035771;1.50831883421712;0.25276337316695;0.00227660241758751;0.0062331964782345;0.581017268578169;0.436538711636277;0.721119895200401
Tsaousakis_sil_remov_32;206.532344938639;2237.12644909935;1190.38906767286;-0.0469832400731753;2.4569416271769;2.59454207121921e-08;0.13613048961143;8.85085463974241e-07;0.0046394512782023;3101.91593392298;0.768249692935069;0.00054136502502976;0.00385302044875263;0.158613258324365;0.284392733842089;0.571172793659873;0.718294750214562;0.264469553491144;0.0109309085699503;0.0278545760402053;0.582169676946897;0.35404254575627;0.717712274614425
Tsaousakis_sil_remov_33;215.800928553165;1214.61412988817;825.532842616599;1.04402865917959;3.81429449853423;1.13774839169793e-10;0.142088874171435;8.12870560049111e-07;0.00236697687695851;0;0.707637312220842;0.000167900333584602;0.00209449496236291;0.173753815399874;0.419524177945832;0.366470730980072;1.15951571057281;0.188163475076033;0.00314792525643321;0.00701044994029316;0.561399249337092;0.494815643542955;0.78096307674326
Tsaousakis_sil_remov_34;228.501093996198;1492.9299625138;1192.89229099424;1.33971297713031;4.26790346099739;6.75786063699085e-10;0.118728614910468;4.36192445041899e-07;0.00227963367636642;3880.00417618434;0.764983468177073;0.000196515645801787;0.001786346607126;0.189478496769543;0.423473709641343;0.343582686401273;1.56516161782134;0.231941487596002;0.00394892548594666;0.0107568839909825;0.577878779727614;0.398109637396784;0.730467970183554
Tsaousakis_sil_remov_35;185.815099242764;1523.78279815053;1139.24211974809;0.929813089813807;3.14496054628826;7.94723085409214e-11;0.130696054617579;4.72879772332667e-07;0.00176034210459315;4771.7555373935;0.717261850501797;0.000104445672212244;0.00156645800790598;0.0975068922679752;0.444220057986214;0.416375467328232;0.663678949812081;0.207786147147768;0.00203560456271591;0.00450705875267097;0.556014741698833;0.504805667701371;0.798514179487357
Tsaousakis_sil_remov_36;191.702312348973;817.652562428286;638.454181353276;1.52725356113544;5.18111215857422;6.99502295350499e-11;0.200945436593325;1.1676397761528e-06;0.00344882155455781;718.52852566785;0.76887571684569;0.000343056576024563;0.0028877019476504;0.144134354163231;0.537665923233732;0.22436139737632;0.748123141804123;0.153498011544505;0.00735765189224793;0.0118877267442739;0.534307122445248;0.719029690908051;0.868682222245502
Tsaousakis_sil_remov_37;234.857304696004;1309.9484303379;1028.20014778883;1.02823121082088;3.24580079627929;1.25542674585254e-10;0.136603258484024;8.45754431598173e-07;0.00224362459308459;3418.72312111511;0.769115861056419;0.000176894962558387;0.00212631193586044;0.215207262706157;0.391275296182216;0.325149509439291;1.29431270045188;0.21052427777329;0.00338036474115843;0.00935232806285245;0.56808865103933;0.468361071738627;0.760289416862686
Tsaousakis_sil_remov_38;209.536427071204;1400.76094943462;925.197041871785;1.08433851066541;3.79576619855585;4.6665503021314e-10;0.145310235632586;6.31504631387557e-07;0.00345840859955757;3321.86561671648;0.714198750687105;0.000170753182435023;0.00175797925289398;0.160750264195107;0.430370209675555;0.357894941860911;0.827266333402281;0.206882461242108;0.00175778011506635;0.00326800733692194;0.557016393942643;0.461707663628914;0.795279296757955
Tsaousakis_sil_remov_39;178.864581975486;605.682934607384;393.017626375259;1.4128839856147;5.50655136670083;8.53115884015559e-11;0.252012930610329;2.60212064168821e-06;0.00678391474074275;606.037990359143;0.679132011442777;0.00054341331249761;0.00458785727005696;0.161599478209019;0.650086882346911;0.126755158598935;0.379799726817165;0.167997320862339;0.00594525480246242;0.0112309258868453;0.550848782279334;0.605892887424358;0.815380306846962
Tsaousakis_sil_remov_4;173.171475707041;1348.16383002552;989.839549013757;1.15761596870563;3.81667245303782;1.29557587150144e-09;0.106010954008152;4.54963516699425e-07;0.00269927434827888;3223.83922969794;0.700882725097051;0.000162783025579074;0.00193741616606225;0.109132345141656;0.398358847569068;0.402491103337092;0.701742249772564;0.193441741083575;0.00284736867503757;0.00567463518091334;0.535323392711723;0.547061423589665;0.868029706499693
Tsaousakis_sil_remov_40;178.554901668772;562.935727387817;316.759990766565;1.49325532353627;5.63507237472256;1.04218429426532e-10;0.287132937789138;4.00133200749661e-06;0.00903956084089315;532.945440315816;0.675759626699576;0.00084819008085397;0.00703659248768618;0.168912665828682;0.700629685305774;0.0980713152444935;0.358597416491773;0.155224678560045;0.0100576296420798;0.0180261045127428;0.549263753202387;0.622534828377632;0.8206189543178
Tsaousakis_sil_remov_41;194.097894186853;1709.86542230993;1107.81780013513;0.594889703085981;2.64220935871491;2.18500157944783e-08;0.0881710079587696;3.96763880993202e-07;0.00352002097800543;1932.83812137876;0.656119859994191;0.000149456790231366;0.00137789178620189;0.141693441297896;0.342846947685977;0.483242509266868;1.04493372855888;0.301466022641941;0.00140794177397807;0.00395532413121297;0.563569095421651;0.352404062921822;0.774405383143057
Tsaousakis_sil_remov_42;174.678381941062;1643.52974407943;1096.41422655962;0.714041682618443;2.6552502720579;1.03621907068139e-08;0.0942356818099166;4.64204335103269e-07;0.00351023263512974;3291.15367161244;0.661515368038084;0.000209783430342185;0.00175650784367058;0.14102833737929;0.331233414264445;0.513679828940533;1.07905300098203;0.299709656552292;0.00232982151308347;0.00690249307291341;0.566663456181545;0.359008226878214;0.764715880460137
Tsaousakis_sil_remov_5;156.793742057461;1440.89149103519;1151.13658573098;0.76671869655666;2.64463325382568;1.88343391338757e-09;0.1179648328066;5.73676099098988e-07;0.0029409765101375;5098.84576498413;0.682365527396947;0.000201731055026646;0.00146342271538068;0.134896513994013;0.431720349965566;0.368404193777827;1.16540202716367;0.282780849521472;0.00261311593879725;0.00954986059499957;0.580553730196085;0.361334740466223;0.722493691887199
Tsaousakis_sil_remov_6;214.001038738941;1562.43156945742;1043.00578703867;0.987194237892185;3.49629432676032;3.4806821782732e-10;0.146829461047325;5.60467605150573e-07;0.00288049401899423;4950.83869321326;0.71261301328026;0.000178522973303536;0.00205015410013377;0.115139552410098;0.397181995881144;0.481552968805586;0.885179955830223;0.220007707228878;0.00237906722075978;0.00674331721091346;0.567245862219356;0.460352584863666;0.762904715070902
Tsaousakis_sil_remov_7;286.400578327613;2069.64405720973;1308.43926270384;0.815734429011971;3.40692889357197;1.36978848034484e-09;0.13256950936049;5.2879672501424e-07;0.00331289528836686;6906.66641028304;0.688452811429187;0.000297696214906353;0.00298129228780142;0.085398624987474;0.421020962499155;0.505168511166537;2.98307255238127;0.218584952787481;0.00492731727683413;0.0146244158690034;0.571721178613117;0.394682282294949;0.749104349126619
Tsaousakis_sil_remov_8;197.947493486905;1721.4869713818;1164.01245780195;0.730564352079577;2.62463188314333;1.18496767545964e-09;0.139638974168107;4.3604309398354e-07;0.00342725459364577;2667.4762576605;0.762426261326682;0.000214852141111238;0.00157407718564696;0.169524339331197;0.336565954624666;0.425179589636829;0.95256231729464;0.22789268815468;0.00240311511423126;0.0049923623759284;0.575164712643476;0.415231613974727;0.7386334239628
Tsaousakis_sil_remov_9;192.145750822955;1172.7445534947;777.324691523446;1.2427477746795;4.22931410679677;1.33781300619855e-10;0.163919524236451;1.00771261859141e-06;0.00312576495802528;2070.52956893799;0.69034653672006;0.000289698257105452;0.00324725604187385;0.0904924623427185;0.518890004200558;0.375805980263884;0.832803718645363;0.216849452116802;0.00549929836654981;0.0153372340750774;0.568798722174939;0.450298218038802;0.758091151995808
Tsitsanis_sil_remov_1;209.415429033798;1434.09143616006;1086.10894129162;1.35000894497147;4.66586132655094;1.26592696371288e-10;0.137705899735575;6.45567104332882e-07;0.0028666897235918;1657.94887013457;0.647743107448665;0.000252448826699302;0.00131103746827842;0.141721081609158;0.32144625380114;0.435150847916128;1.62392737990733;0.30021536434981;0.00117512117767681;0.011281976475687;0.519187531684754;0.274405001870568;0.92608631558431
Tsitsanis_sil_remov_10;246.604832712849;2173.97750597274;1741.91703599957;1.02465298748889;3.33901424275916;1.0340095609669e-09;0.126997589999621;2.67824366338576e-07;0.00308824970785364;4818.82488813145;0.712391754241907;0.000253172337996686;0.00127527841502748;0.186575633527212;0.262864755262478;0.440531292002557;1.41613967036454;0.263699580909099;0.00204984307935823;0.00987769474588306;0.530723279446905;0.354717633916251;0.884221097371454
Tsitsanis_sil_remov_11;220.717507889998;2033.7260418442;1546.18714189315;0.491821767330608;2.90570239347008;5.01276013649482e-11;0.202876249519836;8.63406271166849e-07;0.00277163798853912;2836.20423152958;0.766281127282825;0.000317260271376738;0.00160742172361103;0.302065708964147;0.147648513009915;0.489322831973125;3.76308378651559;0.241837773452675;0.00575549737069921;0.0110747741585886;0.512817569224666;0.476802826737293;0.950011334667981
Tsitsanis_sil_remov_12;196.409912108305;1466.13299747219;1360.29504899443;1.45320245584026;4.63690976273018;2.12661698410818e-11;0.229183752426771;8.22240668532672e-07;0.00319047251742004;1668.28543718561;0.785585834590869;0.000458259998786141;0.00237833963445287;0.348097604599104;0.264977514349611;0.284569532354851;2.46228549490214;0.160471327460358;0.0136091672451413;0.0163131853646758;0.455925498140591;0.946301241056284;1.19334080694832
Tsitsanis_sil_remov_13;221.932014928288;1070.45410272079;1077.58930284063;1.40965264009023;4.37383789906597;8.91062308823815e-12;0.293731677576294;1.07443911813032e-06;0.00316139381785914;3573.5835610593;0.783979463568378;0.000281148914042338;0.00151307065391131;0.445249031867283;0.308362593440829;0.13831676935715;3.18715160704217;0.172192832094373;0.00372238220576366;0.00899778180588781;0.485039046134692;0.713509374725438;1.06169002620898
Tsitsanis_sil_remov_14;227.842109028125;1837.30140052256;1551.75994232252;1.24084161460178;3.79581715298296;3.96276003959884e-11;0.181084735121873;6.70852949109779e-07;0.00274427477749804;0;0.72060412589367;0.000341726294789546;0.00201874053612153;0.20826176530401;0.295748794323324;0.439793066240582;2.0229085191795;0.249771545417466;0.00534098323720975;0.0174656861363179;0.512440931092561;0.33935179229598;0.950148804443745
Tsitsanis_sil_remov_15;225.355251911561;1625.97015101232;1118.60903477107;1.1402836319283;3.93484905871764;1.02840266679446e-10;0.144678582127303;6.47987634751715e-07;0.00269587117333099;0;0.666185864477577;0.000208818381477307;0.00147518672205217;0.134370020351832;0.278694763638761;0.470260071082016;1.21794737955568;0.255833934300526;0.00162049848341677;0.00858129212346698;0.526301274138117;0.377352709621125;0.900052466274928
Tsitsanis_sil_remov_16;171.38027504438;921.353208559933;1148.66169183119;2.2719551899905;8.05468052710089;2.59956636121866e-11;0.256376060544733;4.2324301811456e-07;0.00364326846796742;11526.0847811953;0.752186477261783;0.000409093392814906;0.00125453798699869;0.358517791160016;0.354507248649755;0.175715606666495;2.14708742206313;0.210321272802657;0.0045292707917667;0.0131125575269488;0.490676672548725;0.507266782560442;1.03800191846434
Tsitsanis_sil_remov_17;242.648465935062;1858.75388535236;1561.20827628365;1.2047404183353;3.88359888711024;3.0003017207169e-10;0.144631004231107;2.84874159827614e-07;0.0027473120867944;10997.8491734313;0.730938171891302;0.000176029383587653;0.00105823988010009;0.183169719717162;0.342946479920119;0.362497135355168;1.42490321260438;0.238127502536499;0.00136936989439743;0.00541554303508499;0.51611139284859;0.455182178800542;0.937047032858086
Tsitsanis_sil_remov_18;218.560760062075;1525.49270136886;1362.97946865878;1.0666836360955;3.41590629644563;2.02359229476341e-11;0.281797673885059;8.37135519387634e-07;0.00308633475624208;12191.1031951214;0.828134478211092;0.000432661369643835;0.00237219135408061;0.475959171102891;0.146434199923169;0.258062845778188;10.3039673680033;0.157728543510706;0.0121468122708921;0.0154960206983726;0.464153208657424;0.865870439317395;1.15141246422886
Tsitsanis_sil_remov_19;209.658054634563;1973.14667482549;1705.7822189349;1.34194581558007;4.22163178168324;2.60500917476678e-10;0.141328310900106;3.33519479355586e-07;0.0027603987049191;5555.4355446747;0.740408857076705;0.000273580525987866;0.0013908398240585;0.163554568297095;0.282897040149035;0.457231420537152;1.49930372895203;0.219339852601196;0.00439247783693086;0.0104883791057386;0.513314971354325;0.535148708916233;0.948121852636451
Tsitsanis_sil_remov_2;223.540253762995;1723.575934264;1323.15801651939;0.912140843952342;3.44944607843867;2.77946958711526e-10;0.160254745097775;6.31103812975942e-07;0.00315794726412699;0;0.724561678222537;0.000339238438677334;0.00179329286523606;0.279427534951111;0.226154644981655;0.348499959226358;2.64871907004708;0.251597792088801;0.00384456551202609;0.0151029807120314;0.5236086511378;0.4184600949665;0.907001529772021
Tsitsanis_sil_remov_20;230.622681230648;1737.30846283547;1388.77428537519;1.29549537568343;4.38592514776627;1.63934979898222e-10;0.128744194306376;4.1180770354435e-07;0.00279623978602471;0;0.68064157330325;0.000244832183906894;0.00155224629967901;0.160410908196556;0.350141163162364;0.41204975090583;1.33901053063819;0.225308949002934;0.00332285106964779;0.00954144346557997;0.513203525297355;0.482689527414021;0.948544689001145
Tsitsanis_sil_remov_21;235.332581303569;1538.71930179378;1393.24306568173;1.33899631419539;4.12646027734913;4.26058219913318e-11;0.209085767561235;4.77054868297468e-07;0.00269164408632273;2730.29161132611;0.754785771161534;0.000278055052906654;0.0013182063142077;0.223762740781429;0.316214682938335;0.299011714055797;2.26777175436117;0.217153700606851;0.00307869723167452;0.0122606131148327;0.513558639829965;0.473825977115658;0.947197306097492
Tsitsanis_sil_remov_22;218.750219714878;1952.14025959672;1523.62885398233;0.974700756962603;3.44872670239682;2.6748710588891e-10;0.1365205137767;3.82801664105204e-07;0.00300631943517256;3422.84150718097;0.679823896083339;0.000193798067787183;0.000911611606734639;0.163502368928872;0.258765533301652;0.446717595965901;1.86836238911131;0.311355639624306;0.000927597979758715;0.00662646984076583;0.563167746883657;0.182899383424579;0.775669929546486
Tsitsanis_sil_remov_23;248.75078396975;1280.60632182626;1114.07961314524;1.12001968276717;3.3616983625216;1.40300495501944e-10;0.200701176026758;1.11047777172779e-06;0.00421862961222894;3284.11079175126;0.73703813941656;0.00046775217651702;0.00198330727784905;0.323384284467563;0.339310267492209;0.234005164811219;1.79167545674863;0.208706340619086;0.00524630256374502;0.0144045927559627;0.497583099462099;0.610815172315472;1.00971456040414
Tsitsanis_sil_remov_24;288.976291141066;2071.55237549582;1535.02027068415;0.768433171262488;3.20604839723075;1.26194522322664e-10;0.179178578927299;5.24529995400455e-07;0.00290224470496399;4234.99934902296;0.782022059329033;0.000264084843049265;0.00185965504678811;0.345587040912951;0.142544527408953;0.41409551745498;3.85020249630535;0.201539058538147;0.00414203440999654;0.00972552310680487;0.520130201108535;0.51321168101865;0.922595535322585
Tsitsanis_sil_remov_3;240.416248856327;2221.73038791834;2038.57426860618;1.23317828633713;3.90676943056176;8.27768098846234e-10;0.147337446312757;2.60516474685222e-07;0.00314731815804964;0;0.795170814079855;0.000332575098017734;0.00125298417232377;0.187557293578202;0.289538857934767;0.438093484411643;1.591043694158;0.243885635962408;0.00332909459700967;0.013529377007382;0.521659417470972;0.354705657855216;0.916959547898191
Tsitsanis_sil_remov_4;241.948680700862;1482.51384838537;1176.74384909415;0.919433508618229;3.53786187403735;7.51629881925673e-11;0.192728218183439;8.42264799289407e-07;0.00342799825327274;4431.08233186372;0.745425823400675;0.00037601943638645;0.00184092011050031;0.228740502407572;0.350281181160394;0.338872590319618;1.2835225513454;0.204875714310053;0.00393962923704728;0.0155584059911427;0.51390374136846;0.542857723962169;0.945889705603479
Tsitsanis_sil_remov_5;211.787552467762;1420.34471492686;1104.2614132623;0.803041235644031;2.71528377584927;3.68231801345324e-11;0.219385336949913;1.79436561252963e-06;0.00390385521882104;3095.52210252587;0.756831156007001;0.000680023822897891;0.00356142035601863;0.32939517151649;0.258670856997884;0.28791673992928;2.28367483139696;0.192149819826237;0.017608210282098;0.0301805408099773;0.490299905734594;0.655740649394034;1.03956800389672
Tsitsanis_sil_remov_6;196.864240022419;1677.25170545697;1302.70586725071;1.06856568323799;3.74339516638519;3.3256585061014e-10;0.134569342854687;4.26699311407798e-07;0.00324485080002398;12654.6478336187;0.682783263704877;0.000260567060281482;0.00136798714803179;0.16760270552071;0.299192280308945;0.439978639631135;1.12353105270809;0.24751608693047;0.00206417639131292;0.00844532180809883;0.515331405500014;0.392864602833133;0.940498851395245
Tsitsanis_sil_remov_7;175.183602106191;1454.28075152774;1108.35242744358;0.991239530454936;3.53326132078537;4.5646870536737e-11;0.143833377456893;8.76605337721101e-07;0.00247759735932229;3204.81339545896;0.680009955221897;0.000251697866154215;0.00204094036509595;0.165716407670662;0.383861828016803;0.392379004454567;1.33152010951762;0.215163521876133;0.00438620115422428;0.0100104363192682;0.485518673446439;0.649541672997227;1.05965301581818
Tsitsanis_sil_remov_8;218.560760062075;1915.49489431086;1498.71736121381;0.915966898538375;3.22292012194421;1.50085380004641e-10;0.160845588295009;4.902711659633e-07;0.00289302646175854;1635.85457049506;0.728097614895775;0.000276086238249012;0.00161394267411148;0.253965333890923;0.270406007926653;0.380476288818745;1.99105036593102;0.224967881883452;0.00480779528442895;0.0101164986184897;0.509532619282874;0.567992014291525;0.962582889015859
Tsitsanis_sil_remov_9;215.054349935083;1781.91602495988;1389.88028193992;1.02722100264518;3.5252830420017;3.17872863957645e-09;0.114486161001927;2.55489440596385e-07;0.0036112986323783;0;0.690351558317362;0.000220844784352851;0.00104473399565609;0.19444578298272;0.218093140366283;0.489804923183536;1.86433760025948;0.305786954689713;0.0011565486212456;0.00683326964410998;0.530785833491718;0.296940198843084;0.883999055931796
Keti_Grei_sil_remov1;379.000846982059;1403.94042588399;970.877775491006;1.24222470292116;3.83084719347673;2.29707312562055e-11;0.264991046416049;6.50694525365859e-07;0.00375135705125224;1637.2680702669;0.76814896303017;0.000190223383983404;0.00180594050412465;0.297880173358359;0.471966673227796;0.113014275342478;1.60445733230837;0.146741572775316;0.00144785921257438;0.00277522794778518;0.524147187568416;0.605500577545376;0.907861043076706
Keti_Grei_sil_remov10;337.261523819936;1269.0475282428;1063.37658471231;1.46616419897176;4.19428406770294;3.77077111432515e-11;0.268139392346519;6.58691021691224e-07;0.00412115874915264;3148.33908210879;0.797339537368526;0.000319435371931837;0.0025521576313198;0.334235403506413;0.505870269470324;0.111919636199076;1.87023947496742;0.119283621743886;0.00449691882917268;0.00648659006989686;0.483846812257822;0.860025669731981;1.06663357595618
Keti_Grei_sil_remov11;385.402983294421;1528.65199350663;1099.3871870791;1.16268209483481;3.54148987782172;9.20127632691873e-11;0.212491248672487;7.85371250118902e-07;0.00368054632060226;515.86392621006;0.77183192758763;0.000307729813402244;0.0031397550683767;0.271542313041629;0.490347968479436;0.134768412198166;1.27408697274211;0.146132718456295;0.00416247529812041;0.00819669931719342;0.517467163366197;0.630491357753564;0.932378094611005
Keti_Grei_sil_remov12;302.206440264771;1261.41220571499;890.258754044038;1.40908281248699;4.99941959770359;7.31470092309853e-10;0.166254716048357;6.5744417791762e-07;0.00454861906952063;3334.4966036774;0.695115186009779;0.000297347553455897;0.00244837800051772;0.156567060065305;0.530373123580674;0.212321637368999;1.37221746091521;0.195302630097548;0.00264471162615461;0.00596592571721138;0.507800782052403;0.560104331254368;0.969276211007922
Keti_Grei_sil_remov13;335.706639968992;1315.28680127694;908.493782179887;1.218564443656;4.09869620152472;1.43887886002791e-10;0.215201395371966;1.02619398615078e-06;0.00444154956995068;275.293925638338;0.798346885283238;0.0004684825693008;0.00336089785662919;0.268859756742919;0.477840109084292;0.176310669736991;1.11778558584015;0.168401798951717;0.00500252884123344;0.0132588213313357;0.518780990309517;0.586869484674432;0.927293897235927
Keti_Grei_sil_remov2;350.77219816729;1716.74290079686;1293.54841341213;1.03752666491873;3.10047629118101;3.67966107223759e-09;0.16884817975933;4.89038645594027e-07;0.00509627119836188;4009.77913000967;0.761668726574624;0.000417551979448163;0.0020726339756193;0.223644152004733;0.401229144861814;0.243457705610932;1.71111701989843;0.20380642169582;0.00290522441222134;0.00983342231275218;0.53264029228687;0.442291418551418;0.877439642627371
Keti_Grei_sil_remov3;303.080508285994;1772.67074856542;1230.63364849188;0.697552889845529;2.61978045513305;9.3902140578897e-11;0.184575068434839;8.32467029980122e-07;0.00333609160393889;0;0.785812657093974;0.000263243017415981;0.00193162688202054;0.376572311466927;0.227408420511013;0.274883651100044;4.15444051438439;0.182086886244852;0.00257378549530407;0.00680900640627635;0.534727276457937;0.51862552055584;0.870112193685079
Keti_Grei_sil_remov4;370.558436813841;1815.39435827538;1139.57010050689;0.739597108117323;2.70341272978899;2.05703862812163e-10;0.193442187233866;4.45268114830662e-07;0.00389648916610083;4103.37613829413;0.726508096860676;0.000146321050479774;0.00150325889409888;0.207232466827241;0.479793020276954;0.23607823591205;1.67017265910732;0.163713790130957;0.000803564337313108;0.00176131214431769;0.517537301660636;0.587791564451021;0.932227873843757
Keti_Grei_sil_remov5;346.543006925399;1668.07935521932;1135.55363005388;0.980486678567737;3.59028091705747;1.31407857152013e-10;0.192377057826564;3.92838137678376e-07;0.00329983816475751;3066.21281604296;0.748998908497826;0.000142326906756478;0.00101997487171735;0.252118779285967;0.324594954116792;0.25532231317183;2.1351126127141;0.208388581184079;0.000709409086711022;0.0023432874282378;0.537044579445224;0.357554051390662;0.862042814803984
Keti_Grei_sil_remov6;375.080711002797;1633.61491641081;1088.5799903132;1.10578154165204;3.67723640850618;2.5768983726107e-11;0.206362810119491;1.26251946443235e-06;0.00278692055313021;3189.70312627055;0.75085503943202;0.00036488340716593;0.00446447706864588;0.272805242502308;0.404131891322689;0.188093017634722;2.7176950520002;0.150430808102184;0.00945102929040045;0.0186690491343039;0.516286710009136;0.617954314804844;0.936908281495727
Keti_Grei_sil_remov7;376.817962730652;1365.46152569756;1086.76875126642;2.19056587084478;8.58313717188328;1.48822759708393e-11;0.295299513399226;4.27410496521326e-07;0.0028614032131755;0;0.808574402058606;0.000176958221669547;0.00158478821290321;0.298016567734323;0.470247223640314;0.111343483062454;1.8405701320083;0.130643349084828;0.00220371509343359;0.00382387865880044;0.514642283592981;0.70253860074364;0.943097238373981
Keti_Grei_sil_remov8;353.620294054655;1596.5382093962;1061.66041378609;1.05375087650179;3.56741286479839;7.01910240219634e-10;0.184306375715225;7.82968005456303e-07;0.00417912910573924;4033.69649930017;0.768475660226707;0.000380302578965147;0.00255520482857006;0.232549437586925;0.413289337357921;0.222682230450853;1.94883240829255;0.215719111056834;0.00255775493461265;0.0132776726709319;0.543738600956703;0.411911320507214;0.839119014615679
Keti_Grei_sil_remov9;341.574688672477;1208.46331839991;900.199005323687;1.42880709863787;4.72386315285558;1.38433390887475e-11;0.246377432304968;1.08190195839849e-06;0.00302430361727165;2687.69214818982;0.779819863517225;0.000254684728740579;0.00277377450561728;0.353578252640444;0.466078193406642;0.109322848911952;2.94165169599515;0.144319073739558;0.00364285263582789;0.00911378946602568;0.516749309557629;0.636068039059952;0.934901559257266
Perpiniadis_sil_remov1;189.281661998145;772.835925786637;719.360917700016;1.75695151131651;5.51984826436116;3.78991167003735e-11;0.284767226242177;1.03244922558224e-06;0.00543893499694987;2622.22734479282;0.801498783918845;0.000583220717492804;0.00249109575373362;0.321346614086764;0.461855506708072;0.115189584841415;1.36591687622402;0.163541478174271;0.00483525663397807;0.0116063006839642;0.485115864834128;0.775279794008887;1.06136321753558
Perpiniadis_sil_remov2;224.835171771441;808.088421783708;663.761296339122;1.87312069504798;6.66102293706795;4.0936586601197e-11;0.282749673815657;1.09934511913478e-06;0.00531868632606697;646.364459446922;0.82476910276741;0.000585828073372001;0.00347259569108679;0.310695217793066;0.517071857872901;0.104278902912297;1.78486887295799;0.14050677952257;0.00726075002170169;0.0129948538348464;0.488609916818501;0.786119625275962;1.0466223987252
Perpiniadis_sil_remov3;288.559282134472;1082.72327797954;1022.29715645313;1.46605388166253;4.15392409532204;1.36328553900391e-11;0.301957964509252;1.27899500710452e-06;0.00451715128140227;2461.06138195078;0.770858959850752;0.000491641746932777;0.00334892987283794;0.389762112932643;0.394829346570733;0.102806831734151;2.51125226385125;0.119512793305416;0.00959558038209248;0.0128120482966036;0.481122490222158;0.881842287388463;1.07847279196083
Georgakopoulou_sil_remov1;275.687605199288;1342.30958908118;888.03943431027;1.24060500465838;3.97073399557633;1.8439904476171e-08;0.206890914513862;7.71740274913792e-07;0.00899230585374405;3195.34911629801;0.762125624057973;0.000742277081839344;0.00339155281470654;0.154149446819815;0.453452040270605;0.33349353799928;1.72027810218962;0.171721246715086;0.00401929768156067;0.0130641616817498;0.520371951969801;0.520373706717486;0.921702344283987
Georgakopoulou_sil_remov2;246.035712291364;1754.25363018247;1267.37131843737;0.608388386598065;2.05657485469309;7.91181630492454e-11;0.183794837055122;8.51233549911881e-07;0.00350899003846134;2720.93680571157;0.723319159435487;0.000221026936524773;0.00240520815925656;0.126598338732385;0.463455067980937;0.346353718299444;1.40582824186777;0.174756908268036;0.00252547172804245;0.00437642574695671;0.497291903536727;0.728935917072998;1.01089137564482
Georgakopoulou_sil_remov3;309.628961671501;1532.34600048271;1243.71972717548;0.976452744005044;2.54271546992387;7.45031438891102e-12;0.283092740175975;1.44172874565546e-06;0.00433224075364804;4350.43985343405;0.702742661915;0.000458161883469697;0.00471556865998476;0.246011351783192;0.498677123762208;0.198884648348985;0.751869016876296;0.116053058523989;0.00847542800046596;0.0125643663497749;0.502583506999692;0.806939892389916;0.989719093648417
Georgakopoulou_sil_remov4;291.322634980871;1271.01073509728;1149.42895123133;1.42632317609067;4.2036516127047;1.31867759827707e-10;0.215852101690045;5.03376173612476e-07;0.0044636786997557;1338.16330164856;0.763184595391185;0.00033029417184004;0.00157401755482149;0.343316769907756;0.39762840202193;0.180716035202265;2.54820547256506;0.167237903077957;0.00270873773450298;0.006680095931456;0.514000630554791;0.60464507261898;0.945165890953167
Georgakopoulou_sil_remov5;295.47465920278;1501.57291337218;1141.7205496004;1.09829214754716;3.19897256280903;1.42771539675979e-08;0.219388712811085;5.42448599914558e-07;0.00703104550979581;3848.03086560577;0.835223957537039;0.000608657850521184;0.00275490647421421;0.246184756805563;0.382939089079999;0.227208238057492;1.32063257846392;0.156319812282976;0.00625064916048137;0.0142388532899277;0.500268375122242;0.68718659234617;0.998927075403573
Georgakopoulou_sil_remov6;254.565057928372;2059.31682867106;1323.84317420085;0.43186706905303;2.0173774045398;3.63425258819349e-07;0.124164626792408;5.77260785288097e-07;0.00748672097708496;211.918233355618;0.701620641512215;0.000537203057957878;0.00306349800289914;0.0701178489491429;0.444603255900478;0.441769737944714;1.4333784030505;0.243007171070046;0.00295036280673421;0.0115535104707328;0.544889894632863;0.36311478905048;0.830821636044041
Georgakopoulou_sil_remov7;296.243698442537;1594.85456790918;1173.40009572649;0.98793553058027;2.79138048873089;2.6862230542093e-11;0.229518741524401;7.58526087675424e-07;0.00376534002428693;1344.5026070999;0.746661478895041;0.000204831123486166;0.00269331289945893;0.165578365168528;0.477790743648194;0.230861664420515;0.680506188003843;0.138262152049197;0.0018549169317789;0.00324967158247201;0.507034332114413;0.74069676821693;0.972253034935146
Georgakopoulou_sil_remov8;310.523202692664;1756.57020136222;1274.14169203993;0.644068417660352;2.14049130693992;2.29712193309772e-10;0.194371543401237;1.12367582926257e-06;0.00535961075043108;4451.71016481281;0.758380214828038;0.00049113951804777;0.00321888674454259;0.293019222964715;0.352548615401809;0.264590309891845;1.817989731628;0.176406423237549;0.00522518102225341;0.0123878310251073;0.525710873221763;0.575148869935213;0.902186260427918
Perdikopoulos_sil_remov1;201.34938594438;1294.83910022084;997.141189620818;0.746481047703824;2.3221693875555;1.34790377493494e-09;0.188319865469481;8.76675728891736e-07;0.00548629296855008;2455.87046059943;0.768914643766213;0.00043079279761373;0.00224132261312235;0.250555119701963;0.391258390985293;0.271887075863516;1.90664250674991;0.172647811525295;0.00436892332556163;0.00752255428851353;0.48458472559197;0.726138526195753;1.06337753399062
Perdikopoulos_sil_remov2;272.442378534804;1342.07671202241;1021.89674586893;0.989607799852483;3.13258736771618;2.1932537711994e-09;0.183252849063388;6.10759395641035e-07;0.00512914389605426;1303.63918706027;0.802897319873433;0.000441868566269819;0.00253381789451444;0.339016199673035;0.356193982421872;0.233153919259191;2.78794290128114;0.14438212513378;0.0061846253536562;0.0102952128524977;0.496369457536973;0.708425248689428;1.01456336469143
Perdikopoulos_sil_remov3;221.611754575055;1533.09773640958;1081.18864737333;0.707059457708186;2.72040683974167;1.0400748343229e-10;0.171999667843058;1.25292590814935e-06;0.00444551669671863;0;0.72410599769841;0.000439193346633395;0.00291196989622601;0.246564312306089;0.327598734233478;0.329452249549128;1.84167753370276;0.167755558540675;0.00586357022732158;0.0113721020316418;0.503884974922684;0.663122980264764;0.984579913607146
Perdikopoulos_sil_remov4;237.65483271513;1325.84415071277;938.155801829003;0.819971854163819;2.65435260029279;3.20608082504506e-11;0.21267867728227;1.48848403678398e-06;0.00469081717550787;2100.61238420487;0.721156174923336;0.000376166913042907;0.00310953259455072;0.281299395697092;0.330907807723385;0.316121039431028;2.74628083492379;0.134639681144273;0.0046609967172981;0.00721745368017718;0.477992998251063;0.835895276048491;1.09208088385448
Perdikopoulos_sil_remov5;237.792147183655;1238.92175924519;959.857357619592;1.21416973032701;3.66767617947909;8.37461222324489e-09;0.178984579418467;5.32687455763863e-07;0.00677533634960812;2731.78471029038;0.766851009984384;0.000619177872103789;0.00246566411881093;0.262381758198141;0.430009659099747;0.237311264731643;1.80471910685589;0.176416517891651;0.00546361564062402;0.0131110941136054;0.505305245708149;0.617895357383566;0.979001818195201
Perdikopoulos_sil_remov6;229.426876222498;1354.9410064258;1070.38267114901;0.825684957733897;2.64734397689258;1.66177689921537e-09;0.17461742858967;7.7249276676995e-07;0.00492002702890672;2032.04861723722;0.779433145411195;0.000424801392153299;0.0021071713543879;0.336583226355933;0.294127647167651;0.271663394951108;3.1942367606693;0.188687922920181;0.00453999513295132;0.00989773034709508;0.513405283021627;0.574360214616061;0.94777894398464
Perdikopoulos_sil_remov7;186.621835783231;1485.48930408465;1057.45239453072;0.568638068947331;2.14136888479423;1.0281756146924e-09;0.142963041025397;9.01042140096095e-07;0.00508480933417641;2945.49358503161;0.676792487117535;0.00029044022591139;0.0013159083020294;0.239244534658963;0.287349907144406;0.363184805751247;2.14016580780817;0.240483743322342;0.00124149377656479;0.0049414243437951;0.528693909337147;0.433477447719374;0.89145383438572
Perdikopoulos_sil_remov8;219.066326472447;1387.42321425496;1072.61194295024;0.438798083030027;1.73903415977179;9.48639523146976e-10;0.211071473561323;1.33880173699648e-06;0.00584287737632021;2987.12074034702;0.771590479940198;0.000580544227392461;0.00287372648388397;0.309107886815621;0.28867964412448;0.264887328574224;2.42111684482357;0.168319113931268;0.00717662628644815;0.0117634866804465;0.482588898481669;0.75755641636326;1.07102168216977